mean,var,temp
9.809857,9.6e-05,32.37294
9.794527,0.000606,32.54088
9.796022,0.00018,32.62235
9.808137,0.000205,32.67206
9.810324,0.000261,32.71177
9.809004,0.000146,32.75
9.806241,0.00028,32.79382
9.794486,0.000172,32.8153
9.802788,0.000133,32.84176
9.800855,5.7e-05,32.86147
9.800624,0.000493,32.87941
9.805028,0.000166,32.89118
9.800409,0.000438,32.92
9.79866,0.000168,32.94088
9.800992,7.5e-05,32.96294
9.800714,7.3e-05,32.97588
9.799878,0.000192,32.99088
9.791189,0.000286,33.00912
9.795401,0.006021,33.02177
9.823336,0.010362,33.03176
9.780847,0.021548,33.05735
9.798949,0.000436,33.07147
9.794301,0.000151,33.07
9.798563,0.004446,33.09382
9.806075,0.006499,33.10294
9.758712,0.017039,33.10883
9.738917,0.024382,33.12
9.789897,0.02122,33.13383
9.747595,0.008495,33.13588
9.983506,0.005037,33.15529
9.628284,0.003184,33.16412
9.828439,0.025336,33.17765
10.02614,0.005026,33.17823
9.765177,0.023723,33.18736
9.839724,0.021756,33.19471
9.715381,0.012935,33.20676
9.835857,0.01226,33.20706
9.744537,0.021604,33.22088
9.810615,0.034093,33.22676
9.665873,0.008956,33.23912
9.844913,0.022389,33.24853
9.761236,0.020666,33.24971
9.78123,0.019696,33.24853
9.794378,0.01299,33.25735
9.778467,0.005873,33.27147
9.818044,0.011834,33.27147
9.735757,0.016336,33.28382
9.866411,0.010655,33.28529
9.826532,0.022577,33.295
9.751231,0.021718,33.30794
9.841536,0.01289,33.31088
9.805711,0.012986,33.30824
9.767781,0.009991,33.31676
9.774981,0.011039,33.33265
9.786518,0.01023,33.32883
9.791325,0.011519,33.33118
9.758021,0.009803,33.34588
9.839164,0.005869,33.34647
9.795193,0.018343,33.35059
9.747465,0.009235,33.35441
9.775526,0.015659,33.36471
9.813957,0.016067,33.37559
9.821159,0.022933,33.37177
9.743007,0.016317,33.37794
9.658688,0.002745,33.38324
9.896935,0.002348,33.38589
9.657637,0.014735,33.40618
9.879873,0.038697,33.39824
9.859426,0.021489,33.405
9.931989,0.030258,33.41353
9.779022,0.03183,33.41294
9.80493,0.044307,33.42294
9.670832,0.001681,33.41824
9.838636,0.009027,33.42059
9.794914,0.00035,33.42147
9.801393,0.000209,33.43177
9.806864,0.010847,33.45118
9.922205,0.013701,33.45206
9.813248,0.005961,33.46912
9.807042,0.03472,33.46676
9.860884,0.047954,33.47941
9.657532,0.004075,33.48382
9.815042,0.030378,33.49265
9.76474,0.041694,33.49382
9.633356,0.004937,33.48647
9.756416,0.023015,33.49
9.7997,0.034881,33.49206
9.768712,0.043562,33.50294
9.849371,0.028541,33.49764
9.815976,0.034524,33.50647
9.77906,0.044146,33.51176
9.884029,0.047987,33.52147
9.872461,0.028112,33.52764
9.829248,0.019358,33.52735
9.766948,0.043674,33.53382
9.695648,0.03349,33.53941
9.770722,0.043439,33.54676
9.784829,0.031404,33.54971
9.725322,0.039043,33.55735
9.811798,0.035344,33.56088
9.812231,0.046722,33.57147
9.694083,0.042982,33.57088
9.802648,0.027766,33.57206
9.807662,0.035543,33.57647
9.75178,0.036776,33.58442
9.911665,0.049717,33.59294
9.762033,0.051055,33.57853
9.729383,0.042245,33.58941
9.750562,0.056887,33.59294
9.776157,0.0595,33.60765
9.794784,0.031858,33.60265
9.843775,0.051669,33.60529
9.686598,0.034488,33.61677
9.83609,0.0552,33.61912
9.79978,0.039592,33.63383
9.747913,0.071315,33.63706
9.787767,0.062915,33.64324
9.813669,0.042935,33.64824
9.781073,0.059698,33.66206
9.796684,0.052659,33.66589
9.832968,0.031831,33.67001
9.841639,0.055728,33.66941
9.788701,0.049795,33.67735
9.760122,0.060978,33.68706
9.720958,0.043906,33.69
9.816157,0.035198,33.69382
9.843378,0.060272,33.69912
9.865904,0.045936,33.70647
9.755582,0.0308,33.71029
9.855464,0.046402,33.70853
9.880083,0.033376,33.71971
9.770482,0.04712,33.72971
9.825137,0.044721,33.72823
9.750807,0.046737,33.73206
9.864627,0.034362,33.73824
9.893242,0.033018,33.74677
9.854863,0.038993,33.76412
9.799584,0.054015,33.75235
9.770978,0.046665,33.76647
9.730229,0.046743,33.76735
9.744551,0.042959,33.77029
9.658615,0.020301,33.78235
9.641129,0.005556,33.78117
9.979637,0.009425,33.7947
9.742332,0.033921,33.78912
9.807466,0.055139,33.78941
9.806662,0.051151,33.79588
9.793175,0.044938,33.81088
9.724329,0.043977,33.81647
9.768358,0.049379,33.815
9.800425,0.039083,33.83
9.853307,0.031945,33.83236
9.750808,0.035823,33.82882
9.788939,0.039243,33.83883
9.797949,0.045242,33.84058
9.775293,0.045096,33.84647
9.81394,0.050212,33.85412
9.80961,0.050163,33.85706
9.838594,0.038065,33.86559
9.7478,0.047078,33.86206
9.776629,0.048004,33.87442
9.838582,0.052297,33.86971
9.737716,0.067151,33.87971
9.76006,0.055296,33.87706
9.834902,0.050215,33.88559
9.875196,0.035742,33.88971
9.829577,0.059341,33.90618
9.812071,0.054369,33.90324
9.803308,0.052394,33.91441
9.761098,0.048671,33.92147
9.805833,0.064553,33.92677
9.783518,0.06541,33.93147
9.836325,0.035073,33.93971
9.746158,0.048594,33.92942
9.74257,0.038548,33.93441
9.773951,0.028643,33.94588
9.835783,0.055414,33.94117
9.794166,0.063693,33.94765
9.775979,0.045031,33.95735
9.829203,0.063106,33.95971
9.826169,0.056944,33.96
9.772669,0.043062,33.96412
9.81402,0.070564,33.96412
9.79174,0.043007,33.96735
9.784861,0.041681,33.98264
9.743517,0.045225,33.97853
9.801462,0.049621,33.98441
9.797826,0.049339,33.97235
9.757036,0.060196,33.98294
9.839791,0.062422,33.98911
9.801035,0.065247,33.99794
9.802488,0.062274,34.01265
9.730225,0.057532,34.01265
9.724654,0.050214,34.01029
9.805974,0.063511,34.01176
9.75406,0.051088,34.01853
9.787344,0.07244,34.01794
9.813766,0.053714,34.00382
9.84126,0.064409,34.00941
9.801911,0.067639,34.01941
9.821385,0.064868,34.02941
9.79503,0.049403,34.04235
9.77577,0.049136,34.04765
9.748303,0.08012,34.04911
9.759211,0.046867,34.06147
9.807367,0.036525,34.06647
9.8251,0.044119,34.07323
9.836217,0.052987,34.07618
9.829262,0.046874,34.08147
9.783195,0.067187,34.08089
9.762623,0.064506,34.08442
9.770119,0.056048,34.09265
9.754066,0.061557,34.10118
9.802675,0.057216,34.10235
9.785231,0.062873,34.12059
9.773397,0.064673,34.12059
9.816664,0.068117,34.12765
9.841486,0.084705,34.12382
9.86261,0.05182,34.13412
9.77281,0.054486,34.14294
9.758338,0.051148,34.14265
9.770937,0.058883,34.14059
9.804984,0.038789,34.14265
9.830295,0.074229,34.14382
9.83045,0.065114,34.16118
9.836699,0.057197,34.16441
9.777962,0.057723,34.1603
9.813132,0.050379,34.16618
9.73214,0.052486,34.17059
9.759515,0.051388,34.17294
9.760164,0.027792,34.17617
9.776178,0.042588,34.18206
9.797893,0.05872,34.17559
9.839319,0.069381,34.19677
9.748924,0.072522,34.19912
9.889051,0.064191,34.19853
9.810313,0.069706,34.20853
9.802256,0.063678,34.22118
9.709548,0.054348,34.22
9.790916,0.061148,34.2347
9.794088,0.056189,34.23794
9.816911,0.062363,34.23735
9.794333,0.058593,34.25294
9.758465,0.054206,34.24823
9.686591,0.067038,34.25559
9.78146,0.046211,34.25147
9.737724,0.067911,34.25617
9.775814,0.071095,34.26794
9.811705,0.051946,34.27059
9.72584,0.061104,34.27882
9.700604,0.074337,34.28147
9.815423,0.064699,34.29294
9.781695,0.050803,34.29235
9.727089,0.061675,34.30353
9.754418,0.05212,34.30088
9.719225,0.058786,34.29824
9.71516,0.049607,34.3097
9.756014,0.047244,34.31088
9.745515,0.066226,34.2953
9.806166,0.056195,34.30735
9.851492,0.051391,34.31588
9.801647,0.058784,34.31264
9.814291,0.063592,34.31029
9.74503,0.064776,34.33088
9.714706,0.066343,34.34647
9.782239,0.064441,34.35412
9.824031,0.060461,34.35176
9.826097,0.059042,34.35648
9.701045,0.061343,34.36118
9.771451,0.056887,34.35883
9.788206,0.05895,34.36177
9.754118,0.06157,34.36735
9.754893,0.045872,34.36794
9.846741,0.037863,34.36677
9.822014,0.058229,34.36235
9.770449,0.05267,34.36294
9.718908,0.062833,34.36382
9.843729,0.052505,34.37383
9.773026,0.063612,34.37941
9.828592,0.058399,34.36853
9.825503,0.070107,34.36295
9.789709,0.058901,34.38147
9.748747,0.050044,34.38147
9.799357,0.058472,34.39294
9.868991,0.052299,34.39147
9.779791,0.045818,34.37647
9.808607,0.053854,34.38294
9.827443,0.056278,34.38353
9.81544,0.046263,34.38559
9.77633,0.051099,34.39824
9.803854,0.041708,34.39647
9.768957,0.040611,34.40265
9.810608,0.045676,34.40588
9.795439,0.050242,34.40735
9.817968,0.044054,34.40029
9.849207,0.038638,34.40559
9.799499,0.049885,34.39706
9.739607,0.055839,34.39147
9.796075,0.053711,34.39265
9.800693,0.066755,34.385
9.792397,0.047273,34.38059
9.778582,0.045309,34.38118
9.805151,0.055349,34.37647
9.752878,0.042215,34.375
9.821842,0.043453,34.37177
9.811411,0.060025,34.37353
9.759237,0.037568,34.37794
9.803812,0.051427,34.38
9.805586,0.070138,34.38412
9.760828,0.056372,34.37618
9.827052,0.057117,34.38441
9.760412,0.053472,34.38353
9.734419,0.031105,34.39235
9.803831,0.056186,34.40029
9.758825,0.04082,34.39677
9.82733,0.051602,34.40853
9.81618,0.066847,34.41471
9.793044,0.053404,34.41735
9.766479,0.05446,34.41353
9.806257,0.045849,34.40147
9.812353,0.043451,34.39853
9.752722,0.042623,34.4003
9.765324,0.06418,34.40853
9.7898,0.055912,34.4203
9.818244,0.071966,34.4053
9.777122,0.046817,34.41471
9.73965,0.058736,34.42559
9.802959,0.06483,34.43088
9.73635,0.028601,34.42471
9.772959,0.047978,34.42618
9.791451,0.035397,34.42677
9.743353,0.044303,34.44176
9.814191,0.049725,34.4347
9.846002,0.057052,34.43412
9.815676,0.038165,34.42265
9.803245,0.063291,34.4153
9.75783,0.044336,34.41971
9.788469,0.067496,34.4147
9.774994,0.061955,34.40794
9.82202,0.04378,34.41029
9.767982,0.057317,34.40176
9.823854,0.061626,34.40176
9.752729,0.069695,34.39853
9.745245,0.041712,34.38353
9.824374,0.058419,34.39441
9.739182,0.040591,34.39794
9.822165,0.054339,34.39559
9.779391,0.037988,34.39235
9.80257,0.056916,34.39
9.743237,0.051016,34.39206
9.801007,0.049195,34.39412
9.756249,0.063047,34.39735
9.761359,0.065372,34.40147
9.852298,0.058874,34.41236
9.837756,0.045147,34.41323
9.743017,0.051187,34.40559
9.822174,0.045468,34.41323
9.766989,0.053717,34.41412
9.789921,0.046974,34.42617
9.80189,0.042025,34.42617
9.815173,0.06021,34.42176
9.813685,0.057206,34.41177
9.844105,0.036394,34.41148
9.776674,0.068777,34.4103
9.846415,0.038006,34.4003
9.798079,0.046889,34.40265
9.77655,0.04296,34.39883
9.759076,0.044515,34.40294
9.746658,0.035571,34.39824
9.786245,0.045242,34.40941
9.788559,0.038751,34.39971
9.77788,0.060412,34.39
9.758451,0.048056,34.39117
9.722187,0.032807,34.38588
9.767731,0.041274,34.39588
9.719179,0.034001,34.38853
9.754968,0.048365,34.38383
9.753738,0.047072,34.40441
9.760619,0.048721,34.40765
9.771718,0.041259,34.39677
9.829086,0.041796,34.40235
9.810482,0.040441,34.39294
9.753329,0.03948,34.3903
9.771154,0.059478,34.39177
9.745296,0.050188,34.39529
9.87015,0.041658,34.40853
9.748716,0.034982,34.40471
9.812262,0.042685,34.39912
9.752904,0.047616,34.40265
9.820933,0.052064,34.40706
9.712057,0.034696,34.40353
9.790327,0.036766,34.41677
9.84099,0.033891,34.42706
9.816809,0.048147,34.42794
9.749623,0.036203,34.445
9.804507,0.036538,34.44735
9.737544,0.043593,34.45559
9.743582,0.036861,34.46589
9.753428,0.033327,34.46735
9.792091,0.061808,34.46647
9.839149,0.035098,34.4747
9.713737,0.044677,34.46206
9.784859,0.046359,34.46559
9.812216,0.053958,34.47912
9.842632,0.045543,34.47441
9.841379,0.046414,34.47353
9.807669,0.040124,34.47382
9.792412,0.032936,34.48235
9.76908,0.045666,34.48794
9.793512,0.03091,34.48706
9.877952,0.027933,34.48529
9.791292,0.044059,34.50176
9.714373,0.026047,34.49853
9.694056,0.016765,34.5
9.740476,0.03464,34.50941
9.68333,0.02785,34.51088
9.841182,0.036861,34.51206
9.920753,0.011709,34.51
9.925858,0.017695,34.51412
9.78477,0.029747,34.51706
9.974809,0.009722,34.52382
9.757957,0.035304,34.52441
9.785847,0.03589,34.52794
9.705325,0.018202,34.52088
9.768065,0.040832,34.53147
9.814607,0.047613,34.53912
9.757238,0.032917,34.54029
9.770221,0.030871,34.52529
9.754871,0.036296,34.54294
9.781222,0.042586,34.53764
9.749098,0.035337,34.53205
9.756869,0.038454,34.53794
9.709219,0.048134,34.53353
9.712676,0.042269,34.52912
9.713399,0.042547,34.53088
9.844217,0.037991,34.51853
9.819272,0.048362,34.52764
9.729964,0.045714,34.53382
9.766123,0.031287,34.53353
9.670715,0.02771,34.53647
9.801582,0.04204,34.53941
9.740744,0.056827,34.53265
9.822956,0.040193,34.53059
9.915318,0.022323,34.52383
9.60309,0.00635,34.53235
9.97035,0.004205,34.53117
9.783408,0.034803,34.53559
9.565641,0.003356,34.52764
9.721571,0.005808,34.52647
9.817817,0.020955,34.53118
9.633034,0.000893,34.53677
9.969209,0.013889,34.5447
9.684272,0.013397,34.5497
9.649066,0.007899,34.54794
9.677249,0.027086,34.55588
9.692753,0.010351,34.54735
9.981752,0.002697,34.56088
9.607221,0.006351,34.55912
9.800154,0.00452,34.5597
9.552895,0.001327,34.56059
9.993119,0.002749,34.55853
9.865424,0.034362,34.56617
9.764097,0.033445,34.57235
9.665853,0.027636,34.57117
9.650745,0.026578,34.57265
9.930267,0.018483,34.57147
9.895452,0.028919,34.57059
9.604597,0.005545,34.56794
9.812998,0.025182,34.56559
9.763968,0.040717,34.57118
9.678343,0.020663,34.57941
9.766641,0.034746,34.57382
10.02393,0.002755,34.57323
9.767777,0.027529,34.58765
9.923779,0.013284,34.60029
9.93617,0.019135,34.59529
9.788661,0.043201,34.59206
9.75839,0.036315,34.59647
9.853793,0.028806,34.60382
9.82738,0.040195,34.61147
9.730139,0.027276,34.5997
9.793375,0.04634,34.59353
9.816526,0.04168,34.59559
9.766586,0.040842,34.58912
9.850527,0.030609,34.59264
9.759567,0.038816,34.58471
9.754019,0.051306,34.60206
9.847274,0.046876,34.60383
9.888295,0.01745,34.60617
9.772116,0.050977,34.60382
9.731173,0.028136,34.60823
9.869223,0.021182,34.62236
9.812037,0.03036,34.63
9.853134,0.041774,34.62647
9.765932,0.042307,34.63824
9.744133,0.045055,34.63618
9.755649,0.044976,34.63647
9.810793,0.038757,34.64236
9.777349,0.030217,34.64236
9.820951,0.046753,34.64677
9.732975,0.044481,34.65647
9.78979,0.039358,34.65736
9.79788,0.049846,34.66647
9.814145,0.040355,34.66323
9.797248,0.045883,34.67088
9.784693,0.044053,34.67383
9.819776,0.035513,34.67236
9.728193,0.039367,34.67442
9.800501,0.049566,34.67059
9.770674,0.040818,34.67382
9.846144,0.036556,34.67206
9.809591,0.037309,34.66324
9.820239,0.030375,34.68736
9.74222,0.040067,34.68294
9.789843,0.05846,34.69324
9.80831,0.047169,34.68206
9.816792,0.057744,34.67324
9.739746,0.04226,34.67853
9.776294,0.033222,34.68294
9.821881,0.035176,34.67941
9.769953,0.04038,34.67265
9.75457,0.041626,34.67412
9.809837,0.045104,34.67
9.866009,0.034429,34.68912
9.76457,0.047948,34.68706
9.797462,0.036417,34.69706
9.671178,0.022139,34.68824
9.623026,0.013288,34.69265
9.714102,0.021006,34.68147
9.681534,0.020271,34.69941
9.801445,0.035167,34.71441
9.892332,0.030423,34.71589
9.618643,0.001792,34.73382
9.675926,0.025562,34.73235
9.70114,0.017717,34.73529
9.810675,0.037042,34.73559
9.756475,0.031241,34.73088
9.801129,0.04389,34.72823
9.759201,0.044401,34.72882
9.756866,0.042507,34.7247
9.770006,0.041263,34.73294
9.678902,0.02885,34.74059
9.87755,0.014491,34.73529
9.702452,0.031283,34.74559
9.772695,0.042708,34.73941
9.701254,0.021409,34.74823
9.682271,0.012039,34.73824
9.898241,0.003314,34.73979
9.811996,0.00029,32.8847
9.802265,9.7e-05,32.96559
9.806928,9.3e-05,33.02353
9.804239,0.000211,33.07117
9.823515,9.6e-05,33.11
9.801572,6e-05,33.13618
9.80155,0.000139,33.165
9.809559,0.000133,33.18471
9.80324,0.000249,33.20441
9.810282,0.000102,33.22118
9.80171,5.2e-05,33.245
9.811389,0.000515,33.25794
9.802581,0.000185,33.27618
9.801363,0.000292,33.29882
9.802511,0.000253,33.31
9.801687,0.000163,33.31559
9.809998,0.000198,33.3247
9.805948,0.000104,33.33706
9.797325,0.000399,33.35
9.802374,0.000309,33.36089
9.799213,0.000144,33.36912
9.799573,0.000162,33.38412
9.792058,0.000596,33.38853
9.804184,0.000237,33.39236
9.805445,0.000262,33.4
9.805517,0.000254,33.41765
9.803835,0.000177,33.41589
9.795129,0.00022,33.42323
9.799191,0.000219,33.43794
9.794041,0.000254,33.44823
9.802447,0.000138,33.46206
9.799704,0.000353,33.46412
9.799112,0.000284,33.46382
9.802573,0.000368,33.47941
9.806472,0.000155,33.48853
9.800019,0.000197,33.49235
9.796577,0.000227,33.49765
9.808772,0.000321,33.50617
9.801218,0.000151,33.52264
9.80591,0.000323,33.51941
9.798014,0.000268,33.53471
9.802047,0.000171,33.54147
9.799186,0.000157,33.54559
9.806388,8.4e-05,33.56088
9.803244,0.000451,33.56205
9.798192,0.000172,33.56617
9.796565,0.000262,33.57676
9.811739,0.000374,33.59118
9.793818,0.000199,33.59147
9.802361,0.000128,33.59265
9.800742,0.000137,33.59177
9.801432,0.000231,33.6
9.803415,0.000138,33.61294
9.795855,8.9e-05,33.62029
9.796889,0.000125,33.62677
9.798594,0.000143,33.62265
9.799781,0.000704,33.6153
9.801256,0.00025,33.62559
9.807162,0.000105,33.63735
9.804201,0.000258,33.64353
9.804262,0.00018,33.64735
9.798975,0.000272,33.6553
9.802636,0.00028,33.65706
9.788959,0.000157,33.65824
9.805997,0.000174,33.66471
9.797289,0.000268,33.66
9.798905,0.000332,33.66824
9.796919,0.000146,33.6753
9.798676,0.000587,33.665
9.794023,0.000265,33.68853
9.812609,0.000148,33.68118
9.805532,0.000163,33.68324
9.805182,0.000301,33.69059
9.800161,0.000137,33.68882
9.801758,0.000142,33.69441
9.811813,0.000221,33.69883
9.801579,0.000149,33.71912
9.802553,0.000292,33.72706
9.800831,0.000136,33.71853
9.801974,0.000135,33.73029
9.801048,0.000127,33.725
9.796234,0.000225,33.74147
9.794309,0.000223,33.74441
9.800444,0.000648,33.75441
9.801932,0.000272,33.74676
9.795884,0.000167,33.75588
9.802405,0.000174,33.74824
9.79117,0.000192,33.75912
9.796959,6.8e-05,33.76559
9.795039,0.000275,33.77117
9.792974,0.000152,33.77441
9.796893,0.000122,33.7803
9.794944,0.000283,33.76853
9.795233,0.000314,33.77
9.78816,0.000198,33.77294
9.804163,0.000203,33.77118
9.798886,0.000156,33.77735
9.791945,0.000286,33.78353
9.796706,0.000267,33.78265
9.798479,0.000157,33.79206
9.797966,0.000365,33.77735
9.800557,0.000269,33.78912
9.798048,0.000226,33.79912
9.81098,0.001073,33.79735
9.799823,0.000142,33.79441
9.800154,0.00015,33.7953
9.798471,0.00035,33.78647
9.791943,0.000119,33.78912
9.794765,0.00025,33.77588
9.801364,5.5e-05,33.78059
9.799922,0.000142,33.76765
9.80299,0.000426,33.77823
9.803916,0.000155,33.7747
9.801383,0.000305,33.77323
9.801815,0.000215,33.77177
9.801678,0.000188,33.76765
9.801802,0.000265,33.77588
9.798487,0.000138,33.77911
9.807907,0.000383,33.76912
9.805126,0.000148,33.76294
9.796595,0.000118,33.77177
9.805014,0.000148,33.76324
9.797275,0.000128,33.76824
9.741672,0.002824,32.43382
9.801076,0.000495,32.9103
9.799246,0.000196,33.06441
9.79215,0.000116,33.12442
9.795699,8.7e-05,33.16618
9.801448,0.000167,33.1997
9.793955,0.000215,33.22059
9.796728,0.000117,33.24088
9.79374,0.000213,33.255
9.793925,0.000262,33.26882
9.799641,0.000224,33.28412
9.798204,0.000612,33.28941
9.797377,0.000141,33.31147
9.796504,0.000134,33.31676
9.793927,0.000176,33.31588
9.794698,0.000117,33.32412
9.799143,0.000157,33.34235
9.787564,0.000147,33.35323
9.799472,0.000149,33.35765
9.805433,0.00029,33.36147
9.797132,0.002977,33.37412
9.767391,0.0014,33.38147
9.800225,0.000177,33.39471
9.794146,0.000239,33.40089
9.797375,0.000153,33.40236
9.789415,0.000129,33.40736
9.801582,9.3e-05,33.41529
9.785518,0.000191,33.41941
9.796267,0.000261,33.41912
9.799521,0.000166,33.42588
9.78773,0.000338,33.42294
9.79337,0.00023,33.4397
9.798286,0.000144,33.43559
9.791804,0.000234,33.43912
9.796115,0.000196,33.44176
9.79653,0.000729,33.44588
9.792063,0.000252,33.455
9.801908,0.000377,33.45676
9.801318,0.000498,33.4553
9.79297,0.000377,33.46412
9.793735,0.000143,33.46059
9.791838,0.000337,33.46676
9.794915,0.00021,33.47059
9.798463,0.000198,33.47941
9.794816,0.000109,33.485
9.792475,0.000151,33.48147
9.801085,0.000214,33.47529
9.791647,0.000152,33.47823
9.794032,5.5e-05,33.48647
9.794325,0.000671,33.48029
9.789029,0.000198,33.48677
9.77199,0.000624,33.47529
9.809873,0.000343,33.48206
9.788275,0.000962,33.48647
9.776942,0.001009,33.48235
9.798107,0.000252,33.48294
9.793219,0.000133,33.49647
9.810625,0.000773,33.49265
9.821832,0.002515,33.50264
9.792855,0.000115,33.50412
9.795003,0.000283,33.50088
9.78802,0.00027,33.50882
9.796696,0.000516,33.50882
9.772484,0.001515,33.50676
9.796796,0.000829,33.51147
9.80513,0.000152,33.51853
9.798579,0.000773,33.51941
9.787573,0.000377,33.51941
9.795924,0.000752,33.515
9.808474,0.000422,33.51912
9.794166,0.000367,33.52265
9.791498,0.000328,33.52882
9.793857,0.00016,33.52706
9.802463,0.000215,33.53
9.79218,0.000352,33.54235
9.792075,0.000465,33.54911
9.802111,0.000313,33.55177
9.799754,0.000321,33.56206
9.790956,0.00032,33.56529
9.800332,5.3e-05,33.56147
9.795964,0.000364,33.57088
9.785028,0.000228,33.57059
9.796177,0.000575,33.56059
9.801362,0.000159,33.565
9.802139,0.000878,33.56118
9.799014,0.000161,33.56823
9.800992,0.000269,33.58176
9.78845,0.00022,33.58206
9.78866,0.000475,33.57441
9.788551,0.000285,33.57382
9.797651,0.000105,33.58412
9.784149,0.000281,33.58353
9.796404,0.000174,33.57883
9.821492,0.011805,33.5853
9.797077,0.000571,33.575
9.800229,0.000448,33.58
9.803511,0.000318,33.58883
9.795409,0.000223,33.59029
9.800611,0.00015,33.58706
9.798158,0.000144,33.5953
9.800844,0.000175,33.6
9.796485,0.000261,33.60559
9.786028,0.000205,33.60853
9.800688,0.000199,33.6253
9.807149,0.001102,33.61147
9.794531,0.000409,33.61618
9.799306,0.000232,33.61824
9.800516,0.000112,33.60647
9.795775,4e-05,33.615
9.790192,0.000311,33.61176
9.782061,0.000602,33.61942
9.799328,0.000243,33.61088
9.792845,0.000185,33.62794
9.7968,0.000216,33.61823
9.793952,0.000178,33.62971
9.793482,0.000197,33.63706
9.798684,0.000293,33.64235
9.799173,0.000147,33.63677
9.793158,0.00024,33.63765
9.792969,0.000213,33.63853
9.789502,0.001292,33.6403
9.782042,0.000434,33.64383
9.804333,0.00012,33.64118
9.793933,6.9e-05,33.63706
9.79404,0.000355,33.63412
9.789737,0.000545,33.63235
9.80059,8.7e-05,33.63735
9.793907,0.000276,33.62853
9.789032,0.000479,33.63147
9.794706,0.000267,33.63353
9.78642,0.000213,33.63117
9.798173,0.000363,33.64588
9.801132,0.00014,33.65441
9.79146,0.000438,33.65588
9.798883,0.000167,33.64147
9.798269,7.6e-05,33.64823
9.794922,0.000378,33.63647
9.797581,0.000148,33.64294
9.793618,0.000329,33.63794
9.800925,0.000332,33.63912
9.792444,0.00013,33.64
9.798214,0.000107,33.63677
9.803232,0.000117,33.64
9.789474,0.000234,33.64118
9.799233,8.1e-05,33.64706
9.806259,0.000491,33.655
9.81054,0.001759,33.6547
9.794561,0.002675,33.64382
9.79589,0.000141,33.64618
9.799524,0.00032,33.64647
9.79726,0.00011,33.64236
9.791752,0.000133,33.65588
9.792813,0.000208,33.65177
9.798455,0.000367,33.64677
9.793247,0.000232,33.64647
9.79188,0.000174,33.65206
9.794651,6.2e-05,33.65441
9.801014,0.000375,33.64971
9.799263,0.000113,33.64735
9.790833,0.000403,33.65442
9.799183,0.000107,33.665
9.797414,0.00053,33.65765
9.796847,0.000155,33.65588
9.795267,0.000116,33.66412
9.796761,0.000356,33.67676
9.798315,4.1e-05,33.67794
9.794978,0.000116,33.68706
9.795496,0.000125,33.67559
9.792891,0.000224,33.6897
9.798923,0.000349,33.68353
9.796799,0.000199,33.6847
9.78602,0.000323,33.70264
9.801157,0.000248,33.70176
9.790756,0.000175,33.69441
9.786648,0.000189,33.69471
9.795074,0.000303,33.70382
9.793213,0.000307,33.70235
9.79643,0.000162,33.70059
9.795521,0.0002,33.70383
9.798952,0.00022,33.71323
9.779063,8.3e-05,33.71353
9.790972,0.000364,33.7103
9.795131,4.8e-05,33.70353
9.787607,0.000364,33.71676
9.796874,0.000158,33.71088
9.803105,0.00028,33.72147
9.789667,0.000246,33.72088
9.789133,0.000294,33.71647
9.791808,0.000315,33.71412
9.79129,8.3e-05,33.71764
9.79867,0.00014,33.72059
9.797603,0.000114,33.72823
9.786886,0.000213,33.72441
9.797419,0.000199,33.725
9.793515,0.000182,33.73058
9.799972,0.000254,33.72882
9.795228,0.000206,33.73089
9.800678,7e-05,33.73
9.798822,0.000154,33.72912
9.796648,0.000359,33.73618
9.803824,0.000204,33.73795
9.793202,0.000289,33.74265
9.795339,0.000332,33.75588
9.798401,9.7e-05,33.75853
9.80553,0.000434,33.75853
9.799654,0.00013,33.76265
9.79563,0.000244,33.76412
9.796496,0.000139,33.75294
9.798051,0.000315,33.75559
9.795091,0.000219,33.76647
9.789926,0.000169,33.755
9.799647,0.000217,33.75823
9.790121,0.000256,33.75882
9.80261,0.000153,33.74971
9.797681,9.9e-05,33.75676
9.792816,0.000124,33.76147
9.79468,0.000411,33.76647
9.791588,5e-05,33.77029
9.786136,0.004668,33.77529
9.780864,0.004502,33.77264
9.837362,0.017336,33.76206
9.855774,0.01287,33.76206
9.76861,0.010853,33.76618
9.801832,0.009412,33.76647
9.787268,0.009011,33.76912
9.818212,0.006898,33.77118
9.797197,0.006953,33.76617
9.798026,0.000281,33.77177
9.798329,0.000218,33.77382
9.792917,0.000169,33.7647
9.794092,0.000197,33.77147
9.798847,0.000156,33.77294
9.800514,0.000125,33.76912
9.793139,0.000208,33.76853
9.785776,0.000235,33.77383
9.796909,0.000225,33.76912
9.797515,0.000169,33.76706
9.791254,0.000145,33.77765
9.799483,0.000164,33.76941
9.79803,0.000415,33.77382
9.825541,0.003293,33.78323
9.814986,0.00784,33.77999
9.852015,0.004697,33.78529
9.847256,0.012339,33.77264
9.854686,0.014575,33.77235
9.833605,0.023938,33.77912
9.782134,0.010661,33.76971
9.742762,0.01747,33.7853
9.875934,0.044425,33.78353
9.84056,0.020962,33.78147
9.24895,1.676367,33.78617
9.075264,2.669304,33.78382
9.687743,1.036166,33.7847
9.797056,0.017183,33.78941
9.810774,0.02331,33.78118
9.791905,0.016364,33.78088
9.796242,0.018779,33.78265
9.671008,0.00656,33.77941
9.824501,0.033438,33.78706
9.820882,0.023933,33.79559
9.790525,0.003602,33.78823
9.815133,0.02711,33.78912
9.817415,0.024911,33.78617
9.78739,0.013079,33.78441
9.830395,0.015005,33.79353
9.880049,0.042714,33.85647
9.829206,0.032214,33.815
9.782735,0.01604,33.83029
9.836992,0.018304,33.845
9.570585,0.336527,33.84177
9.987514,6.707433,33.84794
9.443703,1.275031,33.84735
9.447401,1.103382,33.85029
11.75245,6.138299,33.84647
9.81731,0.02924,33.85647
9.785734,0.017552,33.85912
9.795047,0.023767,33.86412
9.792222,0.019846,33.85794
9.748931,0.01288,33.87206
9.760626,0.022306,33.86647
9.770232,0.02022,33.86382
9.722637,0.017899,33.86706
9.761728,0.013596,33.86353
9.776637,0.023401,33.87294
9.800531,0.016259,33.86294
9.777609,0.033791,33.86677
9.81692,0.025438,33.87206
9.797612,0.022485,33.87118
9.834921,0.020406,33.88265
9.756403,0.015275,33.87412
9.799542,0.007513,33.88765
9.78686,0.011814,33.88765
9.855873,0.026399,33.88353
9.848864,0.018308,33.88676
9.72946,0.008383,33.88559
9.851748,0.021378,33.88882
9.793447,0.017155,33.89323
9.793797,0.012184,33.90383
9.894129,0.00374,33.91383
10.03689,0.279985,33.91853
10.20503,1.264173,33.92088
9.888746,13.3226,33.92765
9.279153,4.13462,33.92471
9.909321,0.025536,33.93088
9.78685,0.031361,33.93941
14.10439,6.844204,33.94912
10.77758,5.940021,33.9403
9.836888,0.005237,33.94883
9.791509,0.003866,33.95941
9.769929,0.003132,33.9697
9.790182,0.008716,33.97206
9.816422,0.006913,33.97176
9.735858,0.008133,33.97235
9.792692,0.0092,33.97147
9.825533,0.009123,33.9747
9.812102,0.009231,33.99176
9.782732,0.003823,33.99647
9.787935,0.006798,33.99677
9.797046,0.022821,33.99559
9.788655,0.024918,34.00617
9.785357,0.007657,34.00265
9.781611,0.016147,34.00971
9.837817,0.010984,34.01912
9.864805,0.014676,34.02588
9.813888,0.005798,34.03118
9.795757,0.000384,34.03617
9.805576,0.00053,34.03265
9.813799,0.002927,34.05206
9.80404,0.009809,34.04941
9.813766,0.020678,34.05706
9.797884,0.016059,34.06647
9.801872,0.01182,34.07146
9.844347,0.008803,34.07824
9.664575,0.001983,34.09441
9.745631,0.008691,34.09471
9.819866,0.012363,34.09853
9.780703,0.005827,34.09235
9.760455,0.006336,34.10236
9.774649,0.007006,34.1
9.806404,0.00568,34.11677
9.799288,0.01471,34.12324
9.773621,0.007963,34.12677
9.806959,0.007708,34.13412
9.811817,0.007497,34.14529
9.796583,0.005037,34.14471
9.77881,0.017223,34.14559
9.790281,0.012858,34.155
9.774759,0.007478,34.16618
9.811418,0.011573,34.17412
9.806593,0.007287,34.18
9.809999,0.010138,34.18853
9.805421,0.011253,34.19471
9.818437,0.008583,34.20206
9.820628,0.009273,34.21059
9.777702,0.004358,34.20647
9.74597,0.003047,34.21824
9.813235,0.00754,34.22294
9.804292,0.008933,34.21647
9.799329,0.007278,34.22823
9.799641,0.006938,34.24206
9.815945,0.007882,34.24118
9.813787,0.006046,34.25176
9.774031,0.008102,34.25353
9.788594,0.014603,34.25735
9.793436,0.01089,34.26794
9.785603,0.00978,34.27323
9.77734,0.009911,34.27882
9.777095,0.008635,34.29029
9.797477,0.011941,34.29294
9.796667,0.010557,34.29676
9.830664,0.009172,34.30794
9.808421,0.007513,34.31794
9.912637,0.121861,34.31353
9.818695,0.010431,34.32441
9.833513,0.086358,34.33941
9.83558,0.002468,34.32971
9.784685,0.002812,34.33941
9.799674,0.003151,34.36176
9.821144,0.011502,34.36971
9.788833,0.012071,34.36882
9.745796,0.014872,34.375
9.800074,0.005365,34.3747
9.802006,0.009072,34.37206
9.771921,0.004969,34.37941
9.83161,0.005369,34.38471
9.799711,0.017793,34.37706
9.792471,0.011779,34.37824
9.796441,0.007006,34.38941
9.803623,0.015853,34.37294
9.834534,0.003562,34.39059
9.77418,0.01297,34.38971
9.806166,0.006834,34.38941
9.772263,0.006344,34.39912
9.784369,0.024507,34.3953
9.771364,0.000754,34.40765
9.798721,0.000347,34.405
9.793816,0.000404,34.41558
9.783837,0.00034,34.41471
9.786613,0.000179,34.42883
9.784443,0.000332,34.425
9.789758,0.000214,34.43176
9.789022,0.000252,34.4397
9.789876,0.000161,34.45206
9.793173,3.2e-05,34.4347
9.795009,0.000201,34.45029
9.789278,0.000303,34.4547
9.787865,8.3e-05,34.45912
9.788742,0.000249,34.45588
9.786936,0.000206,34.46294
9.798856,0.001897,34.4697
9.85771,0.005,34.47529
9.794432,0.000606,34.4847
9.795111,0.000106,34.48294
9.794718,7.8e-05,34.485
9.807197,0.000229,34.49353
9.795375,0.000886,34.50176
9.789276,0.003634,34.50471
9.772675,0.106896,34.51588
9.743903,0.121289,34.52941
9.794749,0.001027,34.53294
9.801935,0.001335,34.53912
9.819743,0.007398,34.54676
9.801054,0.000165,34.54882
9.791607,0.000505,34.56529
9.799151,0.000179,34.56206
9.800291,9.6e-05,34.55647
9.797129,0.000111,34.56911
9.795382,0.000155,34.57059
9.79164,0.000316,34.57176
9.79962,0.000245,34.57
9.799166,0.000162,34.57029
9.7912,7.5e-05,34.56529
9.807288,0.007534,34.57794
9.842436,0.013869,34.57647
9.80007,0.000899,34.58823
9.791005,0.001397,34.58647
9.779869,0.046159,34.59265
9.789,0.025849,34.59824
9.82176,0.015969,34.61912
9.81013,0.015501,34.60941
9.797131,0.007032,34.62206
9.783141,0.003027,34.63647
9.807861,0.003015,34.64677
9.778528,0.00057,34.65618
9.775887,0.001142,34.65412
9.909971,0.02848,34.66647
9.787471,0.028803,34.665
9.776957,0.016312,34.6853
9.789648,0.000666,34.68794
14.70765,43.23831,34.68324
9.793153,0.045561,34.69029
12.45752,29.25203,34.69971
8.641192,21.47171,34.69941
6.742189,28.06029,34.70441
12.81398,20.59516,34.70294
9.982975,27.31187,34.70088
9.021429,69.76231,34.70559
10.58499,19.14282,34.71177
9.786492,0.000214,34.70588
9.789766,0.000209,34.69265
9.7883,0.000293,34.69677
9.793863,7.5e-05,34.68912
9.791215,0.000228,34.67559
9.796298,0.000132,34.67677
9.793626,0.000182,34.67706
9.788105,0.000139,34.68176
9.79681,0.00016,34.67736
9.79539,0.000186,34.66706
9.78829,0.000193,34.66764
9.797554,0.000145,34.66059
9.797295,0.000198,34.66265
9.788361,0.0001,34.65765
9.796804,0.000207,34.65294
9.791126,0.000206,34.65235
9.79487,0.000385,34.64559
9.784294,0.000156,34.63441
9.786544,0.00042,34.62794
9.79098,0.000224,34.63412
9.788737,0.000141,34.63
9.788893,0.000133,34.62088
9.782069,8e-05,34.62471
9.789824,0.000183,34.61677
9.7908,0.000136,34.60677
9.788211,0.00025,34.60677
9.791795,0.000245,34.59941
9.789634,9.6e-05,34.5947
9.78948,0.000246,34.59412
9.792851,0.000479,34.59089
9.787596,0.00025,34.58912
9.793068,0.000277,34.58088
9.794309,0.00019,34.57941
9.786305,0.000162,34.57706
9.795799,0.000192,34.5747
9.796099,0.000149,34.5647
9.789983,0.000244,34.57206
9.790087,0.000244,34.57383
9.793292,0.000291,34.57676
9.790298,9.7e-05,34.57706
9.792033,0.000108,34.57559
9.789989,4.4e-05,34.56911
9.791871,0.000321,34.56236
9.7909,0.000101,34.555
9.797861,0.000202,34.54971
9.784035,0.000145,34.54735
9.790952,0.000272,34.53088
9.786013,0.000206,34.52647
9.793873,0.000385,34.52706
9.794561,0.000281,34.52059
9.793465,0.000347,34.51647
9.794732,0.000274,34.52118
9.790596,0.000102,34.51353
9.788413,0.000172,34.51971
9.797447,0.000167,34.51706
9.7994,0.000193,34.52323
9.800391,0.000118,34.52765
9.795166,0.000126,34.52471
9.787438,0.000549,34.52529
9.794812,0.000245,34.52
9.790703,0.000139,34.515
9.790949,9.9e-05,34.5303
9.796151,0.000139,34.51794
9.803896,0.000278,34.51823
9.790201,0.000259,34.51412
9.796614,0.000221,34.51176
9.794917,0.000104,34.49706
9.798903,0.000201,34.50353
9.787615,0.000338,34.5097
9.807829,0.001146,34.50765
9.494202,1.82754,34.50588
10.41603,10.98856,34.49912
10.52862,2.769903,34.49824
10.29002,18.98225,34.51147
8.548174,5.948171,34.51941
12.02363,7.35893,34.51323
10.4736,7.186604,34.52412
11.29711,7.4022,34.52412
9.784468,0.000349,34.52235
9.786558,7.4e-05,34.52264
9.789233,0.0001,34.52353
9.786012,0.000227,34.53176
9.790032,7.3e-05,34.52059
9.783716,0.000426,34.51823
9.778367,0.000507,34.5003
9.786641,0.000112,34.505
9.783443,0.000356,34.49324
9.780838,0.000293,34.48264
9.785822,0.00026,34.47794
9.792218,0.000163,34.46912
9.782705,0.000205,34.47294
9.791596,0.000187,34.46794
9.785236,3.4e-05,34.45971
9.780879,0.000117,34.45029
9.784048,0.000321,34.44735
9.781742,0.000221,34.43911
9.790569,0.000129,34.44147
9.782337,0.000325,34.42941
9.783024,0.000238,34.43618
9.784746,0.000169,34.43706
9.780334,0.000291,34.44088
9.780868,0.000295,34.43882
9.785905,9.5e-05,34.43794
9.780311,0.000187,34.42236
9.778851,0.00018,34.42265
9.785303,0.000104,34.42765
9.782683,0.000168,34.43059
9.786249,7.8e-05,34.42736
9.783882,0.00013,34.42677
9.786038,0.00034,34.41647
9.775985,0.000231,34.41236
9.776487,0.000105,34.40029
9.784731,0.000215,34.39824
9.771039,0.000134,34.39294
9.781605,0.000124,34.3803
9.779574,0.000111,34.38235
9.774757,0.000143,34.37294
9.776389,0.000171,34.37
9.781611,9.9e-05,34.36794
9.781341,0.000108,34.37265
9.772573,0.000213,34.37147
9.782266,0.000363,34.36853
9.771699,0.000216,34.35912
9.784671,0.000144,34.35294
9.777403,0.000453,34.35206
9.783997,0.0003,34.35471
9.786788,0.000158,34.35883
9.768311,8.4e-05,34.35323
9.779604,0.000137,34.35647
9.770906,0.00017,34.35412
9.781781,0.000138,34.34824
9.77333,0.000109,34.35059
9.776394,0.000337,34.345
9.778016,0.000363,34.34029
9.768355,7.5e-05,34.33177
9.777873,0.000105,34.33853
9.780294,0.000202,34.34353
9.777073,8.7e-05,34.34647
9.773566,0.000146,34.34353
9.768259,0.000265,34.34441
9.776075,0.000101,34.34118
9.771326,0.000144,34.34382
9.773213,0.000217,34.36441
9.776466,0.000227,34.36853
9.775626,0.000229,34.355
9.77429,0.000254,34.3453
9.776494,8.6e-05,34.34529
9.730745,0.027244,34.35412
9.774495,0.00013,34.34912
9.808166,0.015479,34.34059
9.7651,0.00013,34.34089
9.762556,0.000695,34.34147
9.777171,5e-05,34.34059
9.77523,0.000733,34.33588
9.77223,0.000329,34.33177
9.775676,0.000132,34.34029
9.773026,0.000185,34.34412
9.771848,0.000182,34.34147
9.769343,5e-05,34.3503
9.782158,0.000342,34.35382
9.768583,0.000312,34.35735
9.774351,0.000815,34.35647
9.772281,0.000164,34.37206
9.777822,0.000136,34.35853
9.775869,0.000295,34.36912
9.766157,0.00021,34.37059
9.775454,0.000266,34.37118
9.763971,0.000209,34.36118
9.766664,0.000104,34.35765
9.77494,0.00019,34.36853
9.773702,0.000383,34.37588
9.76972,0.000167,34.37353
9.765448,0.000174,34.36853
9.771093,0.000201,34.36853
9.737357,0.007403,34.36971
9.673806,0.009758,34.37441
9.810712,0.021751,34.38088
9.746612,0.000153,34.38441
9.742204,0.000152,34.39529
9.749668,6.5e-05,34.39294
9.743155,0.00013,34.39706
9.746574,7.2e-05,34.39618
9.747675,0.000175,34.39647
9.746494,0.000323,34.39001
9.740598,0.000116,34.37206
9.748689,0.000124,34.36294
9.752544,0.000144,34.35147
9.740012,0.000395,34.33912
9.750978,0.000233,34.32824
9.746042,0.000351,34.32088
9.748594,5.2e-05,34.30853
9.752474,5.4e-05,34.32236
9.745059,0.000266,34.31647
9.754692,0.000133,34.31765
9.745309,0.00062,34.31294
9.743731,0.002498,34.31176
9.770468,0.000169,32.42588
9.774805,0.000241,32.59294
9.779964,0.000144,32.66588
9.777318,0.000234,32.72941
9.763643,5.3e-05,32.76529
9.7652,0.002617,32.81293
9.767276,0.000235,32.84647
9.76825,0.000249,32.87294
9.774126,0.000284,32.89559
9.770896,0.000205,32.91735
9.765819,0.000212,32.93912
9.782709,0.000365,32.9553
9.78127,0.000169,32.97
9.767912,0.000315,32.98559
9.775398,0.001068,33.02647
9.855297,0.045941,33.07412
9.991514,1.237243,32.93118
10.39671,22.63502,32.905
9.497486,0.56152,32.94441
9.80887,3.631282,32.97764
9.798089,0.000206,33.00176
9.806103,0.000134,33.02853
9.805267,0.000188,33.03706
9.803843,0.000154,33.05
9.795271,0.000233,33.07383
9.795568,0.000265,33.08912
9.804533,0.000127,33.09853
9.805914,0.000134,33.11177
9.797413,0.000179,33.13059
9.809181,0.000205,33.14382
9.805949,0.000197,33.14442
9.802992,0.000193,33.15794
9.792397,0.000339,33.16117
9.796791,0.000324,33.17089
9.802168,0.000158,33.17294
9.803989,0.00026,33.19147
9.789444,0.000104,33.195
9.801311,0.000287,33.20559
9.795125,0.00013,33.20618
9.796273,0.000205,33.21471
9.800351,0.000108,33.23058
9.804475,0.000127,33.23823
9.794939,0.000214,33.24059
9.790889,0.000405,33.25617
9.802311,0.000229,33.2647
9.796846,0.000161,33.26353
9.796453,7.5e-05,33.28382
9.803027,0.000869,33.27412
9.802677,0.000405,33.27911
9.795244,0.000284,33.28823
9.79928,0.000407,33.30147
9.798321,0.000131,33.29794
9.805414,0.000227,33.31647
9.797254,0.00014,33.32559
9.796499,0.000126,33.32912
9.79584,0.000203,33.34235
9.794346,0.000105,33.34471
9.794817,9.1e-05,33.35941
9.795191,0.000224,33.36442
9.800111,0.000271,33.36412
9.798818,0.000297,33.36294
9.796043,0.000382,33.36883
9.7965,0.000156,33.37147
9.802395,0.000401,33.37883
9.803418,0.000336,33.38706
9.800024,0.000274,33.39706
9.799147,0.000556,33.40206
9.804988,0.000195,33.4103
9.796908,6.4e-05,33.41206
9.78585,0.000222,33.41941
9.795221,0.00028,33.42882
9.7869,0.000238,33.42647
9.794914,0.000323,33.43588
9.794927,0.00013,33.43471
9.804717,0.000335,33.4397
9.797261,0.000444,33.44147
9.786674,0.000156,33.44441
9.798991,0.000211,33.45
9.792281,0.000184,33.45765
9.791339,0.000317,33.45823
9.803649,0.000409,33.45912
9.801127,0.000592,33.46176
9.801235,0.00024,33.47118
9.796577,0.00024,33.46912
9.797281,0.000231,33.47647
9.795246,0.000123,33.47617
9.798231,0.000147,33.47735
9.797873,9.9e-05,33.47912
9.798814,0.000273,33.48059
9.803156,0.000334,33.48177
9.800262,0.000185,33.48147
9.800726,0.000157,33.49088
9.797205,0.000286,33.49117
9.799431,0.000281,33.49882
9.795954,0.000144,33.49941
9.796527,0.000276,33.50235
9.799414,0.000119,33.51412
9.804571,0.000173,33.51823
9.796187,0.000346,33.5047
9.797354,0.000314,33.51647
9.788991,8.6e-05,33.52353
9.79459,0.000174,33.51412
9.790997,0.000227,33.52853
9.792105,8.1e-05,33.53059
9.788224,8.9e-05,33.53059
9.797495,9.6e-05,33.53852
9.803193,0.000129,33.54618
9.797464,0.0003,33.54206
9.798756,0.00012,33.54206
9.802732,0.000296,33.55706
9.771723,0.001586,33.55029
9.798856,0.000144,33.54912
9.788683,0.000459,33.54676
9.800428,0.000461,33.54765
9.791327,9.7e-05,33.54941
9.794222,0.000284,33.55941
9.800316,0.000148,33.56765
9.797899,7e-05,33.56853
9.798738,0.000145,33.56617
9.789886,0.000257,33.56617
9.788111,0.000253,33.57029
9.809258,0.000359,33.5797
9.797518,0.000762,33.58147
9.795713,0.000233,33.58206
9.796921,0.000154,33.58294
9.790587,0.00013,33.59177
9.792744,0.000141,33.58647
9.80197,0.000139,33.5997
9.797876,0.000416,33.59794
9.793075,0.00026,33.605
9.79354,0.00029,33.60559
9.801208,0.000267,33.61059
9.799665,0.000145,33.61677
9.781671,0.000789,33.60794
9.800525,0.000354,33.61118
9.7946,0.000239,33.61471
9.789016,7.7e-05,33.60824
9.795931,0.000126,33.60559
9.802376,0.000527,33.60853
9.795959,0.000668,33.6097
9.797608,0.000283,33.615
9.791883,0.000395,33.61265
9.799179,0.000345,33.61088
9.788997,0.000163,33.61618
9.789485,0.000695,33.61853
9.805377,0.000225,33.62706
12.84741,28.43268,33.62265
11.62345,39.64827,33.61794
12.19977,35.37708,33.60647
9.601152,31.57232,33.62559
11.57157,40.17981,33.62235
10.36536,27.21355,33.62559
10.52634,27.58406,33.62118
11.21059,22.14286,33.6353
9.695831,0.063241,33.63588
9.790382,0.002473,33.62883
9.791895,0.000186,33.62618
9.789522,0.000331,33.62265
9.790855,0.000693,33.61853
9.79162,0.00028,33.62059
9.793491,0.000262,33.62029
9.787059,0.000214,33.62794
9.787909,0.000146,33.62118
9.781012,0.000149,33.61883
9.795898,0.000157,33.61294
9.796405,0.000137,33.62088
9.793844,0.000264,33.61588
9.786812,0.000209,33.62941
9.782845,0.00013,33.62824
9.786797,0.000103,33.6203
9.790114,0.000122,33.62647
9.786488,0.000123,33.625
9.783567,0.000166,33.62735
9.782502,0.000244,33.61794
9.782183,0.000241,33.62471
9.784529,0.000115,33.61706
9.78138,0.000136,33.61942
9.777423,9.5e-05,33.61529
9.774502,0.000255,33.61353
9.783425,0.000199,33.61324
9.783536,0.000212,33.60853
9.783187,0.000176,33.60941
9.77893,0.000266,33.60323
9.769231,0.000145,33.59295
9.771327,0.000306,33.58471
9.768624,0.000187,33.58118
9.780217,0.000219,33.57
9.792797,0.000203,33.57882
9.77553,6.1e-05,33.57529
9.773259,0.000126,33.57412
9.7824,0.000154,33.56794
9.777228,0.000301,33.57088
9.782461,0.0001,33.57588
9.769834,4.4e-05,33.57235
9.770647,0.000142,33.57677
9.777781,0.000165,33.57323
9.766668,0.000212,33.58147
9.767787,0.000196,33.58265
9.770919,0.000137,33.59147
9.77019,0.000207,33.58176
9.768463,0.000203,33.60059
9.770661,0.000152,33.57912
9.769339,0.000195,33.58324
9.777102,0.000454,33.5647
9.776715,0.000541,33.56941
9.782193,0.000107,33.56382
9.780213,0.000309,33.55794
9.772491,0.000159,33.55795
9.77993,9.8e-05,33.54588
9.779596,0.000138,33.54147
9.778513,0.000325,33.53676
9.781034,6.4e-05,33.52618
9.780025,0.000189,33.51235
9.785898,0.000267,33.51265
9.794591,0.000231,33.50059
9.782567,0.000198,33.47677
9.773801,0.000172,33.46882
9.781256,0.000756,33.45441
9.781294,0.000194,33.45235
9.788924,0.000178,33.45118
9.791246,0.000194,33.4353
9.790077,0.000209,33.42088
9.798555,0.000248,33.4203
9.796948,0.000112,33.4203
9.798891,0.000151,33.41588
9.796419,0.000165,33.41529
9.799386,9.4e-05,33.42
9.793388,0.000389,33.42412
9.803557,0.000101,33.41206
9.79655,8.8e-05,33.41471
9.809205,0.000127,33.41853
9.802159,0.000437,33.42206
9.804997,0.00036,33.42059
9.808746,9.1e-05,33.42059
9.809286,0.000139,33.42971
9.813336,0.000123,33.42382
9.815193,0.000158,33.40824
9.816021,0.000113,33.40618
9.826365,0.000196,33.41206
9.817376,0.000718,33.40911
9.81408,0.000267,33.40118
9.811124,0.000111,33.39206
9.813545,0.000388,33.39147
9.806231,9.5e-05,33.38882
9.817071,0.000884,33.36853
9.813871,0.000312,33.36265
9.811659,0.000315,33.35088
9.813332,0.000108,33.36588
9.814092,9.4e-05,33.34882
9.807798,0.000111,33.34735
9.808019,7.8e-05,33.34029
9.816999,8.6e-05,33.34059
9.807291,0.0001,33.33853
9.813791,7.4e-05,33.33
9.810857,0.000178,33.34206
9.81098,9.3e-05,33.33765
9.811958,0.000115,33.33353
9.817521,0.000124,33.32794
9.812348,0.00018,33.33235
9.814914,0.000141,33.33353
9.817282,4.8e-05,33.33529
9.825114,0.000274,33.33912
9.81037,0.000661,33.34088
9.807497,0.000241,33.34412
9.818335,0.000117,33.35
9.820791,6.3e-05,33.34441
9.820524,0.000115,33.35353
9.818552,0.000119,33.36382
9.816276,0.000186,33.36971
9.818954,0.000211,33.36588
9.810967,0.00011,33.36853
9.814025,8.4e-05,33.37677
9.820726,0.00017,33.37824
9.815145,7.4e-05,33.38353
9.814829,5.6e-05,33.39647
9.816713,0.00021,33.39265
9.816833,0.00014,33.39
9.816779,0.000103,33.39765
9.818084,0.000138,33.38736
9.814137,0.000106,33.37823
9.810999,4.9e-05,33.38117
9.81445,8.8e-05,33.37354
9.805475,0.000176,33.36353
9.814099,0.000127,33.36177
9.814489,0.00012,33.37059
9.815317,0.000149,33.36059
9.816782,0.00017,33.34382
9.819757,8.4e-05,33.35147
9.813179,0.000196,33.35235
9.818003,0.000197,33.35117
9.817553,0.000115,33.34501
9.819002,6e-05,33.34118
9.82065,0.00021,33.32706
9.816942,8.8e-05,33.31941
9.818628,0.000191,33.32235
9.816939,0.000148,33.31911
9.814302,8e-05,33.31647
9.81774,0.000133,33.3097
9.822186,0.000121,33.31735
9.826769,8e-05,33.32795
9.821211,2.8e-05,33.32558
9.821443,6.2e-05,33.32264
9.815621,9e-05,33.3197
9.823566,5.8e-05,33.32941
9.818287,0.000164,33.33147
9.82315,7.4e-05,33.33765
9.821613,5.1e-05,33.33912
9.818697,0.000131,33.345
9.826261,8.9e-05,33.35177
9.820705,2.6e-05,33.36029
9.820159,0.000112,33.35176
9.818637,3.3e-05,33.35941
9.824149,0.000202,33.36206
9.822015,0.000186,33.36647
9.817883,0.0002,33.37059
9.823851,0.000213,33.36295
9.817818,5.1e-05,33.37206
9.822565,0.000119,33.37
9.820616,8e-05,33.36647
9.820614,0.000124,33.36236
9.818844,6.3e-05,33.35941
9.822895,6.9e-05,33.35177
9.815405,0.000232,33.35677
9.821724,7.5e-05,33.34794
9.820738,9.9e-05,33.35353
9.818642,6.1e-05,33.35941
9.817782,0.000132,33.37265
9.821004,8e-05,33.36971
9.825902,0.000158,33.37206
9.817701,6.4e-05,33.36824
9.821503,0.000153,33.37265
9.824518,0.000148,33.38383
9.820623,7.4e-05,33.38118
9.819192,0.000119,33.37618
9.818042,9.8e-05,33.36676
9.820683,7.9e-05,33.37177
9.826444,5.7e-05,33.37736
9.823067,0.000143,33.37823
9.823466,6.9e-05,33.37441
9.825071,0.000144,33.38971
9.818018,0.00016,33.395
9.819107,4.7e-05,33.39677
9.825132,7e-05,33.39647
9.823446,6e-05,33.40206
9.820414,4.7e-05,33.40647
9.82037,8.5e-05,33.41088
9.823867,5.2e-05,33.415
9.82471,2e-05,33.41794
9.823763,0.000101,33.41676
9.824213,0.0001,33.41677
9.820829,9.9e-05,33.40706
9.820668,0.000184,33.41647
9.827538,7.7e-05,33.41412
9.821162,0.000179,33.41117
9.827921,9.7e-05,33.41618
9.82915,5.7e-05,33.41117
9.820565,8.9e-05,33.42176
9.821739,7.5e-05,33.42059
9.825818,0.000137,33.4197
9.822053,0.000105,33.42559
9.824586,7.6e-05,33.42353
9.822027,2.7e-05,33.42794
9.820266,0.000175,33.42235
9.827671,0.000152,33.42323
9.824615,6.3e-05,33.41794
9.822573,8e-05,33.42206
9.823965,0.000118,33.42
9.819092,0.000112,33.42529
9.827301,0.000112,33.42176
9.82141,0.000167,33.42176
9.819063,6.2e-05,33.42912
9.826147,9.8e-05,33.43588
9.816077,4e-05,33.43177
9.822245,0.000203,33.43912
9.822682,0.000106,33.43676
9.824205,0.000154,33.43735
9.827116,0.000159,33.44442
9.822814,0.000121,33.44941
9.826567,5e-05,33.45058
9.831999,0.000133,33.44882
9.824145,0.000122,33.44912
9.822697,9.2e-05,33.46265
9.826239,0.000134,33.45971
9.827702,0.000112,33.45676
9.823456,0.000138,33.46206
9.826906,5.3e-05,33.46853
9.831719,7.7e-05,33.46735
9.84287,0.001417,33.47265
9.822031,0.001114,33.47706
9.828669,0.000753,33.47029
9.821251,0.000646,33.47735
9.83016,7.9e-05,33.47382
9.823803,0.000565,33.47029
9.830869,0.00011,33.47147
9.817875,0.000345,33.47941
9.821196,0.003275,33.47823
9.822126,0.000177,33.47441
9.828006,0.000415,33.47265
9.831321,0.000169,33.47441
9.82411,9.8e-05,33.48118
9.831189,0.000481,33.47676
9.825792,0.000158,33.48441
9.823981,0.000176,33.48765
9.821342,0.000117,33.48382
9.829082,0.000689,33.48412
9.830004,0.000623,33.48177
9.822447,9.9e-05,33.47529
9.827383,0.00022,33.48088
9.823646,0.000228,33.48412
9.825846,0.0003,33.49882
9.827473,8.8e-05,33.49647
9.82353,8.7e-05,33.48559
9.823538,0.00025,33.48353
9.828794,0.00015,33.49059
9.83069,6.8e-05,33.50088
9.831651,0.000169,33.49941
9.826306,0.000256,33.50823
9.826281,0.000144,33.50117
9.829827,8.2e-05,33.50618
9.824598,0.000295,33.50294
9.823887,5.2e-05,33.49765
9.825891,0.000185,33.50412
9.829828,0.000118,33.50176
9.823248,0.000684,33.50294
9.822596,8.5e-05,33.50235
9.822774,0.0001,33.50735
9.829646,7.4e-05,33.50029
9.833527,5.7e-05,33.51
9.82485,0.00013,33.50471
9.825164,8.8e-05,33.51588
9.82301,5.2e-05,33.50706
9.825891,8.2e-05,33.51235
9.820188,0.000151,33.51059
9.834049,0.000273,33.52529
9.825458,0.001129,33.52618
9.82715,4.8e-05,33.535
9.826254,0.000238,33.53617
9.826248,9.7e-05,33.54618
9.830696,6.7e-05,33.54176
9.824176,7.1e-05,33.54353
9.820628,7.9e-05,33.53735
9.826063,8.6e-05,33.52824
9.825752,0.000186,33.53471
9.816566,0.000259,33.5197
9.824383,0.000223,33.51971
9.826326,0.000284,33.51206
9.824497,0.000108,33.51441
9.825391,0.00015,33.51235
9.828726,5.8e-05,33.4997
9.826939,8.2e-05,33.49794
9.829097,0.000427,33.49823
9.823961,0.000222,33.48294
9.828731,0.000175,33.49177
9.826475,0.000118,33.48471
9.839102,0.000226,33.47971
9.830624,0.000936,33.47676
9.827329,0.000108,33.47794
9.833372,7.9e-05,33.475
9.822412,0.000172,33.47147
9.821527,0.000133,33.4703
9.821012,5e-05,33.47264
9.823174,0.000135,33.46795
9.825499,3.6e-05,33.46618
9.825371,0.001447,33.46294
9.825725,4.6e-05,33.4703
9.821142,0.000114,33.47029
9.830244,0.000162,33.46794
9.821337,5.5e-05,33.47089
9.824492,0.000125,33.47824
9.827805,0.000151,33.46441
9.823774,9.2e-05,33.46824
9.825907,0.000111,33.46941
9.822953,6.9e-05,33.47882
9.826447,0.000112,33.47882
9.82141,0.000217,33.48383
9.823058,0.000108,33.48618
9.826387,0.000248,33.49264
9.810986,0.000282,33.49323
9.826435,5e-05,33.50176
9.821305,8.8e-05,33.4903
9.826745,6.6e-05,33.49236
9.820092,0.000503,33.49441
9.821147,0.0002,33.49
9.827276,0.0001,33.49176
9.825006,0.000107,33.49412
9.817216,0.000221,33.49559
9.827909,0.000206,33.48412
9.829481,0.000285,33.5003
9.823397,0.000199,33.50117
9.827841,0.000124,33.49647
9.825733,7.2e-05,33.49
9.826341,0.000118,33.4847
9.830084,0.000115,33.48735
9.828685,0.000132,33.49294
9.827892,2.8e-05,33.49236
9.820989,0.000303,33.49324
9.834108,0.000385,33.4897
9.827765,0.000265,33.49323
9.835979,7.9e-05,33.50588
9.830655,7.9e-05,33.51235
9.833265,0.000102,33.50588
9.825712,6.9e-05,33.51441
9.82572,0.000177,33.51706
9.83103,0.000145,33.52147
9.830292,4.7e-05,33.51647
9.828458,6.8e-05,33.52882
9.824052,8e-05,33.52353
9.827528,8.9e-05,33.52618
9.826483,5.6e-05,33.52235
9.830451,2.8e-05,33.53323
9.830172,2.3e-05,33.52794
9.835241,0.00046,33.52441
9.821307,0.000401,33.52147
9.828062,7.2e-05,33.52676
9.827406,0.000118,33.52529
9.827202,0.0001,33.52941
9.821467,6.1e-05,33.53
9.828298,8.6e-05,33.53441
9.828433,0.00014,33.52147
9.828458,0.00019,33.52382
9.83085,8.4e-05,33.52382
9.824064,0.000131,33.53588
9.823532,3.5e-05,33.54177
9.82872,0.000102,33.53941
9.831446,0.000852,33.54676
9.82266,0.000361,33.54088
9.837796,0.000191,33.54559
